{"_wandb":{"runtime":0},"_runtime":0,"acc":0.7752524931985737,"loss":0.18301645082741372,"_timestamp":1.7726947709352794e+09,"_step":7}